1617696812, projectjan, snapped, 0
1617697129, mistermonsieur, caught f9zzzie, 1
1617697443, styx722, caught ryuunonamida, 1
1617697706, skyyse_, snapped, 0
1617698043, mistermonsieur, caught blitz9291, 1
1617698400, cetkaman, caught inoe182, 339
1617698827, mistermonsieur, caught buppanowa, 1
1617699095, kajchi, snapped, 0
1617699410, mrgneiss, caught negalul, 1
1617699711, cetkaman, caught gowithhim, 1
1617700022, styx722, caught thegeekpirate, 1
1617700049, nutzzz96, snapped, 0
1617700231, astolfoisnotatrap, snapped, 0
1617700517, skyyse_, snapped, 0
1617700826, mrgneiss, caught victor_cminus, 1
1617701176, styx722, caught tetyys, 1
1617701310, astolfoisnotatrap, snapped, 0
1617701507, mistermonsieur, snapped, 0
1617701821, chinasoupnumbawan, caught jonyangg, 1
1617702152, styx722, caught sjyoon, 1
1617702487, mistermonsieur, caught casinothanks, 1
1617702784, mrgneiss, snapped, 0
1617703000, astolfoisnotatrap, snapped, 0
1617703232, kenztien, snapped, 0
1617703509, skyyse_, snapped, 0
1617703714, styx722, snapped, 0
1617703908, styx722, snapped, 0
1617704460, dymarimar, caught mulqahdiv, 1
1617704559, kajchi, snapped, 0
1617704759, communistwizard, snapped, 0
1617704993, tealancers, snapped, 0
1617705199, dimitrie12, snapped, 0
1617705279, skyyse_, snapped, 0
1617705553, sscuzzy, snapped, 0
1617705606, dlwlrmaf, snapped, 0
1617705944, seobearz, caught janand89, 1
1617706276, cetkaman, caught furious_pecok, 1
1617706453, dgtex11, snapped, 0
1617706557, dinnerfia, snapped, 0
1617706635, skyyse_, snapped, 0
1617706762, kgbthestar, snapped, 0
1617706922, zonularity, snapped, 0
1617706988, styx722, snapped, 0
1617707214, micxiang, snapped, 0
1617707335, seobearz, snapped, 0
1617707519, dymarimar, snapped, 0
1617707590, seobearz, snapped, 0
1617707743, seobearz, snapped, 0
1617707961, seobearz, snapped, 0
1617707992, clocked_7, snapped, 0
1617708713, seobearz, snapped, 0
1617708827, dgtex11, snapped, 0
1617708960, skyyse_, snapped, 0
1617708976, dymarimar, snapped, 0
1617709407, seobearz, caught trytostopmee, 1
1617709527, sereja_lolshto, snapped, 0
1617709553, peacefulfake, snapped, 0
1617709836, projectjan, snapped, 0
1617709984, skymachine09, snapped, 0
1617710041, micxiang, snapped, 0
1617710466, projectjan, caught hkftz, 1
1617710562, seobearz, snapped, 0
1617710653, xiii_genocide, snapped, 0
1617710817, rojakpanda, snapped, 0
1617711043, seobearz, snapped, 0
1617711144, sscuzzy, snapped, 0
1617711337, peacefulfake, snapped, 0
1617711469, kuroneko__27, snapped, 0
1617711849, seobearz, caught osteon0812, 1
1617712105, chinasoupnumbawan, snapped, 0
1617712416, zyzstem, caught 000000000000, 1
1617712486, mistermonsieur, snapped, 0
1617713005, cupgirl, snapped, 0
1617713073, clocked_7, snapped, 0
1617713361, seobearz, snapped, 0
1617713711, seobearz, caught ciko111s, 1
1617714092, dgtex11, caught xoyatsy, 1
1617714406, guldur87, caught john_doe55, 1
1617714473, satorimaiden, snapped, 0
1617714667, styx722, snapped, 0
1617714903, clocked_7, snapped, 0
1617715067, skyyse_, snapped, 0
1617715085, seobearz, snapped, 0
1617716160, projectjan, caught ecagulay, 1
1617716462, clocked_7, caught h4ppyxel, 1
1617716542, xrossdelta, snapped, 0
1617716664, zyzstem, snapped, 0
1617716863, seobearz, snapped, 0
1617717036, zyzstem, snapped, 0
1617717075, tealancers, snapped, 0
1617717497, zyzstem, caught ocaeus, 1
1617717744, astolfoisnotatrap, snapped, 0
1617717823, skyyse_, snapped, 0
1617718213, guardian_wizard, caught ociris13, 1
1617718356, relyk5, snapped, 0
1617718510, jimmboooooooo, snapped, 0
1617718771, skyyse_, snapped, 0
1617718815, styx722, snapped, 0
1617718980, mildecstasy, snapped, 0
1617719132, seobearz, snapped, 0
1617719443, styx722, caught gotthepopcorn, 1
1617720158, seobearz, snapped, 0
1617720465, sscuzzy, caught tunie_j05, 1
1617720802, projectjan, caught goulen, 1
1617720999, seobearz, snapped, 0
1617721205, indonesianctzn, snapped, 0
1617721567, seobearz, caught ocaeus, 1
1617721727, astolfoisnotatrap, snapped, 0
1617722126, guldur87, caught acbluflame, 1
1617722298, tealancers, snapped, 0
1617722485, seobearz, snapped, 0
1617722833, szndrlsk, caught srokates, 1
1617722957, penemuee, snapped, 0
1617723176, bingbongaming, snapped, 0
1617723451, seobearz, snapped, 0
1617723495, mistermonsieur, snapped, 0
1617723840, mrgneiss, caught thesaltysalt, 1
1617724268, zyzstem, snapped, 0
1617724589, chinasoupnumbawan, caught 1patsuan1, 1
1617725197, inoe182, caught k1mch33, 1
1617725982, szndrlsk, caught diopriagungwicaksana, 1
1617725997, el_cocoloco, snapped, 0
1617726503, projectjan, caught jumpnixon, 1
1617727120, guldur87, caught acereaper95, 1
1617727395, skyyse_, snapped, 0
1617727451, kenztien, snapped, 0
1617727768, sscuzzy, caught rydestro, 1
1617728089, projectjan, caught kekekorea, 1
1617728111, how_do_i_oxygen, snapped, 0
1617728186, unabletoeven, snapped, 0
1617728416, rojakpanda, snapped, 0
1617728479, zyzstem, snapped, 0
1617728813, chinasoupnumbawan, caught moto_x_70, 1
1617729068, sonytoo, snapped, 0
1617729397, projectjan, caught kotai07, 1
1617729447, sonytoo, snapped, 0
1617729492, zyzstem, snapped, 0
1617729601, mildecstasy, snapped, 0
1617729650, el_cocoloco, snapped, 0
1617729744, zyzstem, snapped, 0
1617729876, kenztien, snapped, 0
1617730182, guldur87, caught lordofturtles, 1
1617730481, projectjan, snapped, 0
1617730784, chinasoupnumbawan, caught telbrok, 1
1617731100, cetkaman, caught mircea_, 1
1617731474, inoe182, caught artharan, 1
1617731776, chinasoupnumbawan, caught kemok, 1
1617731793, zyzstem, snapped, 0
1617731809, guardian_wizard, snapped, 0
1617731835, 狂抽猛送三千次, snapped, 0
1617732194, inoe182, caught ouglaaa, 1
1617732532, chinasoupnumbawan, caught gowithhim, 1
1617732927, guldur87, caught kloset1, 1
1617733280, chinasoupnumbawan, caught svartvinge, 1
1617733726, inoe182, caught kay_wolfe, 1
1617734192, chinasoupnumbawan, caught ygg670, 1
1617734282, zyzstem, snapped, 0
1617734674, yolovsky, caught commanderroot, 1
1617734859, skyyse_, snapped, 0
1617735161, chinasoupnumbawan, caught alsuf, 1
1617735568, skyyse_, caught tudorvoidheart, 1
1617735871, chinasoupnumbawan, caught bl00dcrusad3r, 1
1617736226, inoe182, caught gbg1000, 1
1617736529, chinasoupnumbawan, caught modestb, 1
1617736768, skyyse_, snapped, 0
1617736831, skyyse_, snapped, 0
1617737155, cetkaman, caught scibeach, 1
1617737523, chinasoupnumbawan, caught somnnn, 1
1617737809, guardian_wizard, snapped, 0
1617738119, cetkaman, caught noobkanon, 1
1617738422, chinasoupnumbawan, caught kahoifish, 1
1617738461, guardian_wizard, snapped, 0
1617738789, cetkaman, caught 3rdmay, 1
1617739111, chinasoupnumbawan, caught geniusviking, 1
1617739511, inoe182, caught tomsta123, 1
1617739886, cetkaman, caught turtalyturtle, 1
1617740188, chinasoupnumbawan, caught prettygaijin, 1
1617740527, cetkaman, caught bahoidaniel69, 1
1617740838, chinasoupnumbawan, caught skyx5, 1
1617741183, cetkaman, caught lvlzeromagikarp, 1
1617741486, chinasoupnumbawan, caught stf78332687, 1
1617741787, cetkaman, caught chasoe90, 1
1617742204, mrgneiss, caught mrgneiss, 28
1617742507, chinasoupnumbawan, caught coldag3, 1
1617742827, cetkaman, caught rainstrms, 1
1617743314, chinasoupnumbawan, caught koreabi, 1
1617743643, cetkaman, caught jonasbros, 1
1617743958, chinasoupnumbawan, caught wwwbigv, 1
1617744311, cetkaman, caught pistolaing, 1
1617744616, chinasoupnumbawan, caught ventriloquist37, 1
1617744948, cetkaman, caught shengshengtai0314, 1
1617745256, kjhgfr, caught abbottcostello, 1
1617745595, cetkaman, caught teatippler, 1
1617746296, yelnax, caught frehd, 1
1617746611, cetkaman, caught ronswagson98, 1
1617747067, kjhgfr, caught ianoss, 1
1617747422, mrgneiss, caught geniusviking, 1
1617747748, cetkaman, caught giloushaker, 1
1617748402, guardian_wizard, caught dreiinfinity, 1
1617749780, yelnax, caught siiseli_, 1
1617753417, styx722, caught cetkaman, 381
1617753487, projectjan, snapped, 0
1617753795, mahdy_salad, caught dukeit0ut, 1
1617754101, yelnax, caught dududaye, 1
1617754450, projectjan, caught zhongguosia, 1
1617754792, styx722, caught sargeras333, 1
1617755052, yelnax, snapped, 0
1617755383, projectjan, caught jigaar, 1
1617755658, mahdy_salad, snapped, 0
1617755875, sscuzzy, snapped, 0
1617756183, styx722, caught artisticpython, 1
1617756516, mahdy_salad, caught xined_, 2
1617756838, styx722, caught yelnax, 4
1617757175, projectjan, caught alsuf, 1
1617757483, styx722, caught havethis2, 1
1617757786, projectjan, caught justness_a, 1
1617758104, styx722, caught zairoh, 1
1617758432, mahdy_salad, caught suriranyar, 1
1617758745, projectjan, caught goodboy_000, 1
1617759135, mistermonsieur, caught hongyi90, 1
1617759560, projectjan, caught yelnax, 1
1617759905, mistermonsieur, caught jochenrindt, 1
1617759938, melpomenecarthasis, snapped, 0
1617760252, projectjan, caught bingcortana, 1
1617760529, mistermonsieur, snapped, 0
1617760659, jokertard, snapped, 0
1617760968, styx722, caught jokertard, 1
1617761339, projectjan, caught joeyjo901, 1
1617761652, styx722, caught ouglaaa, 1
1617761958, mistermonsieur, caught ovli_mikhail, 1
1617762406, projectjan, caught mathgeek201, 1
1617762761, mistermonsieur, caught artisticpython, 1
1617763064, projectjan, caught suiche10, 1
1617763230, mahdy_salad, snapped, 0
1617763580, styx722, caught joolem, 1
1617763899, projectjan, caught torleif42, 1
1617764245, mistermonsieur, caught sargeras333, 1
1617764563, styx722, caught siiseli_, 1
1617764913, projectjan, caught bigmelf, 1
1617765177, styx722, snapped, 0
1617765364, mistermonsieur, snapped, 0
1617765662, sonytoo, snapped, 0
1617765927, melpomenecarthasis, snapped, 0
1617766212, mistermonsieur, snapped, 0
1617766532, mistermonsieur, caught jochenrindt, 1
1617766840, styx722, caught captainpantsalot, 1
1617766989, zyzstem, snapped, 0
1617767320, projectjan, caught hyarion, 1
1617767558, zyzstem, snapped, 0
1617767860, sscuzzy, caught twitchprimereminder, 1
1617768166, projectjan, caught warvisionary, 1
1617768456, mistermonsieur, snapped, 0
1617768734, mistermonsieur, snapped, 0
1617768768, melpomenecarthasis, snapped, 0
1617768867, melpomenecarthasis, snapped, 0
1617769099, mistermonsieur, snapped, 0
1617769387, mahdy_salad, snapped, 0
1617769716, mistermonsieur, caught iamthg, 1
1617770019, mahdy_salad, caught jijiyo, 1
1617770055, styx722, snapped, 0
1617770366, styx722, caught dreiinfinity, 1
1617770707, mistermonsieur, caught cardiowaves, 1
1617771013, styx722, caught hallucinate___, 1
1617771491, mistermonsieur, caught chinasoupnumbawan, 24
1617771574, hatduck_, snapped, 0
1617771869, projectjan, snapped, 0
1617772186, projectjan, caught mrgneiss, 30
1617772472, skyyse_, snapped, 0
1617772801, styx722, caught mr_meidi, 1
1617773261, kuroneko__27, caught tho0mgarlic, 1
1617773576, styx722, caught mahdy_salad, 7
1617773900, projectjan, caught mr__shiro, 1
1617774295, styx722, caught bkdemon13, 1
1617774632, skyyse_, caught orange_bean, 1
1617774930, projectjan, snapped, 0
1617775128, kuroneko__27, snapped, 0
1617775452, projectjan, caught justness_a, 1
1617775764, skyyse_, caught ovli_mikhail, 1
1617775896, chinasoupnumbawan, snapped, 0
1617776229, projectjan, caught chukyn, 1
1617776289, styx722, snapped, 0
1617776620, chinasoupnumbawan, caught archmono, 1
1617776904, styx722, snapped, 0
1617777220, projectjan, caught thegeekpirate, 1
1617777522, chinasoupnumbawan, caught vinsmoker, 2
1617777830, styx722, caught adabutler, 1
1617778047, guardian_wizard, snapped, 0
1617778111, xined_, snapped, 0
1617778138, skyyse_, snapped, 0
1617778236, projectjan, snapped, 0
1617778499, kuroneko__27, snapped, 0
1617778730, projectjan, snapped, 0
1617779047, cetkaman, caught kahoifish, 1
1617779354, styx722, caught wwwbigv, 1
1617779719, mahdy_salad, caught oluong, 1
1617780017, styx722, snapped, 0
1617780332, styx722, caught hongyi90, 1
1617780656, cetkaman, caught cruxis87, 1
1617780913, kuroneko__27, snapped, 0
1617780966, skyyse_, snapped, 0
1617781073, sscuzzy, snapped, 0
1617781409, mistermonsieur, caught streamfollower, 1
1617781722, styx722, caught inoe182, 7
1617781949, auloen, snapped, 0
1617782265, inoe182, caught homeless_emperor, 1
1617782578, chinasoupnumbawan, caught raizo_o_o, 1
1617782852, inoe182, snapped, 0
1617783486, mistermonsieur, caught overhype_, 1
1617783790, mahdy_salad, caught vvi11iam, 1
1617784093, chinasoupnumbawan, caught adabutler, 1
1617784396, cetkaman, caught king_of_evi1, 1
1617784701, styx722, caught forceedge94, 1
1617785006, cetkaman, caught blitz9291, 1
1617785039, kenztien, snapped, 0
1617785281, styx722, snapped, 0
1617785496, kenztien, snapped, 0
1617785799, mrgneiss, caught stns347, 1
1617786100, auloen, caught r4t3l, 1
1617786425, mistermonsieur, caught uknzm, 1
1617786732, chinasoupnumbawan, caught wigoor, 1
1617787029, mistermonsieur, snapped, 0
1617787393, cetkaman, caught chicbreeze, 1
1617787701, chinasoupnumbawan, caught carbob14xyz, 1
1617787732, inoe182, snapped, 0
1617788042, mistermonsieur, caught civil_zer0, 1
1617788349, chinasoupnumbawan, caught tudorvoidheart, 1
1617788696, auloen, caught f1jok, 1
1617788995, inoe182, snapped, 0
1617789297, inoe182, caught sunseitbaua, 1
1617789756, mistermonsieur, caught araxieee, 1
1617790004, mahdy_salad, snapped, 0
1617790115, styx722, snapped, 0
1617790423, chinasoupnumbawan, caught 1chillpill, 1
1617790440, mast3ry, snapped, 0
1617790490, skyyse_, snapped, 0
1617790831, styx722, caught worldofmyown, 1
1617791083, mistermonsieur, snapped, 0
1617791171, cetkaman, snapped, 0
1617791474, chinasoupnumbawan, caught gblackshark, 1
1617791584, xrossdelta, snapped, 0
1617791817, mistermonsieur, snapped, 0
1617792309, styx722, caught auloen, 3
1617792565, seobearz, snapped, 0
1617792716, seobearz, snapped, 0
1617792791, mistermonsieur, snapped, 0
1617793288, yaejii, caught ilovebears, 1
1617793744, styx722, caught sleepypoppy_, 1
1617794054, chinasoupnumbawan, caught 000000000000, 1
1617794387, styx722, caught alexmoranforlife, 1
1617794626, kjhgfr, snapped, 0
1617794982, mistermonsieur, caught itswiga, 1
1617795303, styx722, caught coraboulia, 1
1617795492, cetkaman, snapped, 0
1617796264, el_cocoloco, caught paramar1b0, 1
1617796281, szndrlsk, snapped, 0
1617796528, styx722, snapped, 0
1617796837, chinasoupnumbawan, caught davidraven01, 1
1617796858, skyyse_, snapped, 0
1617796888, mistermonsieur, snapped, 0
1617797220, styx722, caught potapo_drop, 1
1617797872, peacefulfake, caught dhonzekhie, 1
1617798169, styx722, snapped, 0
1617798244, junnnnislife, snapped, 0
1617798274, szndrlsk, snapped, 0
1617798300, xiii_genocide, snapped, 0
1617798342, escalados22, snapped, 0
1617798407, seobearz, snapped, 0
1617798545, xiii_genocide, snapped, 0
1617798615, sieger013, snapped, 0
1617798648, styx722, snapped, 0
1617798997, styx722, caught emberfrozt, 1
1617799304, chinasoupnumbawan, caught dark_sight, 1
1617799336, seobearz, snapped, 0
1617799485, clocked_7, snapped, 0
1617799734, styx722, snapped, 0
1617799926, seobearz, snapped, 0
1617800098, styx722, snapped, 0
1617800441, seobearz, caught wudumann, 1
1617800808, projectjan, caught crinkles426, 1
1617800872, tealancers, snapped, 0
1617800918, seobearz, snapped, 0
1617801222, denog, caught ailsons, 1
1617801375, mistermonsieur, snapped, 0
1617801605, mistermonsieur, snapped, 0
1617801829, el_cocoloco, snapped, 0
1617801965, seobearz, snapped, 0
1617802070, mistermonsieur, snapped, 0
1617802604, styx722, caught brat0ri, 1
1617802701, penemuee, snapped, 0
1617802867, mad__doge, snapped, 0
1617802906, seobearz, snapped, 0
1617803196, projectjan, snapped, 0
1617803542, guardian_wizard, caught kaisergbomb, 1
1617803584, penemuee, snapped, 0
1617803675, seobearz, snapped, 0
1617803992, projectjan, caught tegsneakers, 1
1617804303, styx722, caught neodwell, 1
1617804425, seobearz, snapped, 0
1617804492, venti_chan, snapped, 0
1617805149, projectjan, caught tembad, 1
1617805575, styx722, caught adrestiae, 1
1617806053, seobearz, caught hi55iin, 1
1617806305, zyzstem, snapped, 0
1617806662, styx722, caught highground0b1, 1
1617806722, homelessclay, snapped, 0
1617806769, astolfoisnotatrap, snapped, 0
1617807257, nedjyy, caught frans____, 1
1617807278, tealancers, snapped, 0
1617807477, astolfoisnotatrap, snapped, 0
1617807613, skyyse_, snapped, 0
1617807638, astolfoisnotatrap, snapped, 0
1617807739, mistermonsieur, snapped, 0
1617808286, projectjan, caught iirew, 1
1617808308, cousinnicky69, snapped, 0
1617808351, unabletoeven, snapped, 0
1617808646, nutzzz96, snapped, 0
1617808673, styx722, snapped, 0
1617808781, clocked_7, snapped, 0
1617808886, bingbongaming, snapped, 0
1617808951, skyyse_, snapped, 0
1617809132, styx722, snapped, 0
1617810231, styx722, caught romasama1, 1
1617811173, projectjan, caught stoiccapricorn, 1
1617811502, styx722, caught cloudallen, 1
1617811526, clocked_7, snapped, 0
1617811911, astolfoisnotatrap, caught carreebear, 1
1617812635, windcaller_, caught bamsemums313, 1
1617813266, rojakpanda, snapped, 0
1617813367, zyzstem, snapped, 0
1617813392, skyyse_, snapped, 0
1617813723, cetkaman, caught alfred_b, 1
1617814598, zyzstem, caught whyyoudodisx, 1
1617814914, inoe182, caught dougdreamer, 1
1617815242, cetkaman, caught shogunfs, 1
1617815615, inoe182, caught skyyse_, 9
1617815890, mrgneiss, snapped, 0
1617816443, yelnax, caught johnnyskripka, 1
1617816781, sonytoo, caught abyss_sz, 1
1617817076, inoe182, snapped, 0
1617817389, mrgneiss, caught mrjerekat, 1
1617817734, cetkaman, caught wigoor, 1
1617817926, zyzstem, snapped, 0
1617818115, sonytoo, snapped, 0
1617818295, zyzstem, snapped, 0
1617818597, chinasoupnumbawan, caught skylerianpride, 1
1617818918, projectjan, caught voliddd17, 1
1617819455, inoe182, caught sleepy1501, 1
1617819827, sonytoo, caught felwood_, 1
1617820147, inoe182, caught greenonionofdoom, 1
1617820348, guardian_wizard, snapped, 0
1617820681, sonytoo, caught frailankles, 1
1617820984, chinasoupnumbawan, caught jobandhindsa, 1
1617821326, sonytoo, caught pridekappa, 1
1617821629, chinasoupnumbawan, caught mrgneiss, 3
1617821935, cetkaman, caught nardy3_, 1
1617822240, inoe182, caught xozne, 1
1617822542, chinasoupnumbawan, caught 25dunno, 1
1617823571, mrgneiss, caught blottedmike, 1
1617823887, chinasoupnumbawan, caught satoamina, 1
1617824287, inoe182, caught yayyayuk, 1
1617824589, chinasoupnumbawan, caught 2badz, 1
1617824944, inoe182, caught shuraba_, 1
1617825247, chinasoupnumbawan, caught rusheart_rf4, 1
1617825427, neul14, snapped, 0
1617825924, inoe182, caught mahdy_salad, 3
1617826600, chinasoupnumbawan, caught ohanagirl, 1
1617827274, cetkaman, caught blitz9291, 1
1617827376, zyzstem, snapped, 0
1617827701, mrgneiss, caught lolkqwepqwe, 1
1617827753, katastropic, snapped, 0
1617828141, chinasoupnumbawan, caught cxdbfg, 1
1617828252, zyzstem, snapped, 0
1617828672, cetkaman, caught quiddmitch, 1
1617829070, chinasoupnumbawan, caught blakkheimm, 1
1617829376, cetkaman, caught stns347, 1
1617829564, zyzstem, snapped, 0
1617829868, chinasoupnumbawan, caught ttororong_, 1
1617830240, mrgneiss, caught kahoifish, 1
1617830279, zyzstem, snapped, 0
1617830493, guardian_wizard, snapped, 0
1617830852, cetkaman, caught saybian1221, 1
1617830992, zyzstem, snapped, 0
1617831271, yelnax, snapped, 0
1617831573, chinasoupnumbawan, caught oskerd, 1
1617831683, zyzstem, snapped, 0
1617832016, cetkaman, caught hackdisturret, 1
1617832378, mrgneiss, caught giannamalakas, 1
1617832786, guardian_wizard, caught thorns1, 1
1617833042, zyzstem, snapped, 0
1617833254, mrgneiss, snapped, 0
1617835241, mrgneiss, caught masked_man11, 1
1617836529, mahdy_salad, caught bahoidaniel69, 1
1617836987, melpomenecarthasis, caught noctynoc, 1
1617837686, mrgneiss, caught hatduck_, 1
1617838096, yelnax, caught krappakong, 1
1617841447, zyzstem, caught jointeffortt, 1
1617841654, durminon, snapped, 0
1617841923, yelnax, snapped, 0
1617842221, junnnnislife, snapped, 0
1617842758, skwishi, caught linlin9090, 1
1617843072, projectjan, caught phksx, 1
1617843327, melpomenecarthasis, snapped, 0
1617843518, junnnnislife, snapped, 0
1617843626, junnnnislife, snapped, 0
1617843728, junnnnislife, snapped, 0
1617843762, junnnnislife, snapped, 0
1617844173, styx722, caught tb1991, 1
1617844204, junnnnislife, snapped, 0
1617844267, junnnnislife, snapped, 0
1617844293, junnnnislife, snapped, 0
1617844313, deeeeckslayer, snapped, 0
1617844991, junnnnislife, caught andreen, 1
1617845730, mistermonsieur, caught rorspank, 1
1617845960, junnnnislife, snapped, 0
1617846229, mahdy_salad, snapped, 0
1617846256, junnnnislife, snapped, 0
1617846605, projectjan, caught skwishi, 2
1617846686, junnnnislife, snapped, 0
1617846875, junnnnislife, snapped, 0
1617847177, junnnnislife, caught unknownkill3r, 1
1617847425, styx722, snapped, 0
1617847735, styx722, caught projectjan, 136
1617847811, skyyse_, snapped, 0
1617848112, mahdy_salad, snapped, 0
1617848135, junnnnislife, snapped, 0
1617848418, mistermonsieur, snapped, 0
1617848750, mistermonsieur, caught gimdah, 1
1617849061, projectjan, caught stns347, 1
1617849285, junnnnislife, snapped, 0
1617849589, junnnnislife, caught yosefsa7, 1
1617849868, auloen, snapped, 0
1617849944, styx722, snapped, 0
1617850048, deeeeckslayer, snapped, 0
1617850077, auloen, snapped, 0
1617850229, auloen, snapped, 0
1617850546, projectjan, caught bibiethumps, 1
1617850860, mahdy_salad, caught enshaha, 1
1617851058, junnnnislife, snapped, 0
1617851374, styx722, caught deeeeckslayer, 1
1617851509, junnnnislife, snapped, 0
1617851642, junnnnislife, snapped, 0
1617851827, junnnnislife, snapped, 0
1617851978, zyzstem, snapped, 0
1617852290, projectjan, caught skwishi, 1
1617852460, zyzstem, snapped, 0
1617852813, mistermonsieur, caught napalm36, 1
1617852958, junnnnislife, snapped, 0
1617853118, junnnnislife, snapped, 0
1617853170, styx722, snapped, 0
1617853378, junnnnislife, snapped, 0
1617853682, styx722, caught cetkaman, 16
1617853797, melpomenecarthasis, snapped, 0
1617854102, mistermonsieur, caught mr_its, 1
1617854147, junnnnislife, snapped, 0
1617854454, projectjan, caught werethomas, 1
1617854680, kuroneko__27, snapped, 0
1617854743, junnnnislife, snapped, 0
1617854967, junnnnislife, snapped, 0
1617855255, junnnnislife, snapped, 0
1617855576, mistermonsieur, caught brokhest, 1
1617855890, styx722, caught inpherioryt, 1
1617856190, mistermonsieur, caught bibiethumps, 1
1617856499, styx722, caught ouglaaa, 1
1617856746, junnnnislife, snapped, 0
1617857060, projectjan, caught ovli_mikhail, 1
1617857385, styx722, caught joolem, 1
1617857707, projectjan, caught mahdy_salad, 3
1617858012, styx722, caught goodboy_000, 1
1617858311, projectjan, snapped, 0
1617858672, kjhgfr, caught gimdah, 1
1617858725, junnnnislife, snapped, 0
1617859033, styx722, caught barfoos, 1
1617859403, projectjan, caught kittenhibachi, 1
1617859717, styx722, caught commanderroot, 1
1617860025, projectjan, caught fubuking_tv, 1
1617860367, styx722, caught cxdbfg, 1
1617860670, mistermonsieur, caught cxdbfg, 1
1617860984, projectjan, caught vali74, 1
1617861311, mistermonsieur, caught vrab, 1
1617861616, styx722, caught melpomenecarthasis, 20
1617861642, junnnnislife, snapped, 0
1617861952, projectjan, caught reeele_, 1
1617862256, junnnnislife, caught giannamalakas, 1
1617862558, cetkaman, caught durminon, 1
1617862849, mahdy_salad, snapped, 0
1617863132, projectjan, snapped, 0
1617863436, styx722, caught vedimuthu, 1
1617863746, projectjan, caught buppanowa, 1
1617863760, melpomenecarthasis, snapped, 0
1617864203, mahdy_salad, caught archmono, 1
1617864507, styx722, caught streamfollower, 1
1617864809, chinasoupnumbawan, caught overhype_, 1
1617865108, projectjan, snapped, 0
1617865223, junnnnislife, snapped, 0
1617865537, projectjan, caught deeeeckslayer, 1
1617865763, junnnnislife, snapped, 0
1617866059, cetkaman, snapped, 0
1617866093, deeeeckslayer, snapped, 0
1617866416, cetkaman, caught chuotnhatho0509, 1
1617866730, styx722, caught minggerss, 1
1617867040, cetkaman, caught kecoafeed, 1
1617867226, kenztien, snapped, 0
1617867683, styx722, caught chicbreeze, 1
1617867949, projectjan, snapped, 0
1617868244, projectjan, snapped, 0
1617868415, mahdy_salad, snapped, 0
1617868663, projectjan, snapped, 0
1617868680, junnnnislife, snapped, 0
1617868823, junnnnislife, snapped, 0
1617868877, junnnnislife, snapped, 0
1617869020, projectjan, snapped, 0
1617869317, projectjan, snapped, 0
1617869479, auloen, snapped, 0
1617869600, kenztien, snapped, 0
1617869643, projectjan, snapped, 0
1617869907, junnnnislife, snapped, 0
1617870205, projectjan, snapped, 0
1617870523, chinasoupnumbawan, caught tetyys, 1
1617870572, projectjan, snapped, 0
1617870876, styx722, caught kenarimaju, 1
1617871163, projectjan, snapped, 0
1617871500, projectjan, caught giannamalakas, 1
1617871750, melpomenecarthasis, snapped, 0
1617872055, styx722, caught keandro, 1
1617872084, quote_if_chronopticenergy, snapped, 0
1617872119, quote_if_chronopticenergy, snapped, 0
1617872208, quote_if_chronopticenergy, snapped, 0
1617872233, quote_if_chronopticenergy, snapped, 0
1617872423, quote_if_chronopticenergy, snapped, 0
1617872447, projectjan, snapped, 0
1617872469, quote_if_chronopticenergy, snapped, 0
1617872568, projectjan, snapped, 0
1617872627, projectjan, snapped, 0
1617872674, melpomenecarthasis, snapped, 0
1617872834, melpomenecarthasis, snapped, 0
1617872869, projectjan, snapped, 0
1617872965, projectjan, snapped, 0
1617873231, quote_if_chronopticenergy, snapped, 0
1617873302, melpomenecarthasis, snapped, 0
1617873396, projectjan, snapped, 0
1617873559, melpomenecarthasis, snapped, 0
1617873713, melpomenecarthasis, snapped, 0
1617873761, melpomenecarthasis, snapped, 0
1617873817, melpomenecarthasis, snapped, 0
1617873896, melpomenecarthasis, snapped, 0
1617873929, projectjan, snapped, 0
1617874259, lnreader, caught ice_emblem, 1
1617874274, elsaga1997, snapped, 0
1617874520, skymachine09, snapped, 0
1617874579, styx722, snapped, 0
1617874605, sscuzzy, snapped, 0
1617874849, mistermonsieur, snapped, 0
1617875134, clocked_7, snapped, 0
1617875457, styx722, caught gimdah, 1
1617875591, mistermonsieur, snapped, 0
1617876283, junnnnislife, caught grafdagestan, 1
1617876314, zalathormnw, snapped, 0
1617876704, sscuzzy, caught pistolaing, 1
1617876732, junnnnislife, snapped, 0
1617876905, electricmuffin, snapped, 0
1617877197, junnnnislife, snapped, 0
1617877426, junnnnislife, snapped, 0
1617877577, electricmuffin, snapped, 0
1617878019, chinasoupnumbawan, caught kayopolice_is_mai_waifu, 1
1617878068, melpomenecarthasis, snapped, 0
1617878302, melpomenecarthasis, snapped, 0
1617878386, skyyse_, snapped, 0
1617878583, yaejii, snapped, 0
1617878717, junnnnislife, snapped, 0
1617879227, electricmuffin, caught regisrex97, 1
1617879248, junnnnislife, snapped, 0
1617879288, sscuzzy, snapped, 0
1617879463, junnnnislife, snapped, 0
1617879483, mast3ry, snapped, 0
1617879696, seobearz, snapped, 0
1617879715, junnnnislife, snapped, 0
1617879740, ayejuan, snapped, 0
1617879922, seobearz, snapped, 0
1617879947, dlwlrmaf, snapped, 0
1617880223, styx722, snapped, 0
1617880287, omgzeddix, snapped, 0
1617880711, junnnnislife, caught thisissyc, 1
1617880904, seobearz, snapped, 0
1617881357, chinasoupnumbawan, caught daaguax, 1
1617881411, junnnnislife, snapped, 0
1617881652, penemuee, snapped, 0
1617881672, zyzstem, snapped, 0
1617881722, junnnnislife, snapped, 0
1617881847, seobearz, snapped, 0
1617881989, melpomenecarthasis, snapped, 0
1617882169, junnnnislife, snapped, 0
1617882250, kajchi, snapped, 0
1617882455, sscuzzy, snapped, 0
1617882482, yaejii, snapped, 0
1617882505, junnnnislife, snapped, 0
1617882523, seobearz, snapped, 0
1617882617, junnnnislife, snapped, 0
1617882677, projectjan, snapped, 0
1617882827, siskoo0, snapped, 0
1617882857, satorimaiden, snapped, 0
1617883002, seobearz, snapped, 0
1617883160, junnnnislife, snapped, 0
1617883183, yaejii, snapped, 0
1617883265, skyyse_, snapped, 0
1617883386, seobearz, snapped, 0
1617883465, junnnnislife, snapped, 0
1617883746, electricmuffin, snapped, 0
1617883973, junnnnislife, snapped, 0
1617884282, styx722, caught salamander_express, 1
1617884499, seobearz, snapped, 0
1617884724, nutzzz96, snapped, 0
1617884888, yaejii, snapped, 0
1617885017, sscuzzy, snapped, 0
1617885061, satorimaiden, snapped, 0
1617885410, projectjan, caught lelumpolelum, 1
1617885471, huckleberrykat, snapped, 0
1617885643, seobearz, snapped, 0
1617885720, ciyirsftw, snapped, 0
1617885889, junnnnislife, snapped, 0
1617885933, itisreallyhardtomakeid, snapped, 0
1617886174, junnnnislife, snapped, 0
1617886234, el_cocoloco, snapped, 0
1617886312, seobearz, snapped, 0
1617886360, mad__doge, snapped, 0
1617886423, rojakpanda, snapped, 0
1617886655, aadmiraljoy, snapped, 0
1617886858, seobearz, snapped, 0
1617886915, rojakpanda, snapped, 0
1617887226, urahara__kisuke, caught riksaz93, 1
1617887255, aadmiraljoy, snapped, 0
1617887294, rojakpanda, snapped, 0
1617887598, seobearz, caught piggycatt, 1
1617887760, el_cocoloco, snapped, 0
1617887780, dgtex11, snapped, 0
1617887948, rojakpanda, snapped, 0
1617888115, electricmuffin, snapped, 0
1617888625, electricmuffin, caught josri, 1
1617888844, dgtex11, snapped, 0
1617889065, sonytoo, snapped, 0
1617889242, el_cocoloco, snapped, 0
1617889511, rojakpanda, snapped, 0
1617889787, rojakpanda, snapped, 0
1617889865, junnnnislife, snapped, 0
1617889904, peacefulfake, snapped, 0
1617890231, rojakpanda, caught elite_soba, 3
1617890248, yaejii, snapped, 0
1617890274, tealancers, snapped, 0
1617890382, junnnnislife, snapped, 0
1617890540, huckleberrykat, snapped, 0
1617890606, astolfoisnotatrap, snapped, 0
1617890626, junnnnislife, snapped, 0
1617890689, sscuzzy, snapped, 0
1617890709, skyyse_, snapped, 0
1617890855, astolfoisnotatrap, snapped, 0
1617890885, yaejii, snapped, 0
1617891125, junnnnislife, snapped, 0
1617891429, styx722, caught tubezi, 1
1617891456, eplayer12, snapped, 0
1617891912, electricmuffin, caught jun248, 1
1617892024, penemuee, snapped, 0
1617892067, 狂抽猛送三千次, snapped, 0
1617892281, skyyse_, snapped, 0
1617892349, rojakpanda, snapped, 0
1617892638, junnnnislife, snapped, 0
1617892818, junnnnislife, snapped, 0
1617892925, blaze77630, snapped, 0
1617893231, styx722, caught doommaster3214, 1
1617893520, junnnnislife, snapped, 0
1617893560, jambulas, snapped, 0
1617893839, projectjan, snapped, 0
1617893916, junnnnislife, snapped, 0
1617894277, projectjan, caught fyuin, 1
1617894686, astolfoisnotatrap, caught admiralpeople, 1
1617894743, styx722, snapped, 0
1617894930, mln_, snapped, 0
1617895281, zyzstem, caught acaesien, 1
1617895446, seobearz, snapped, 0
1617895462, quiddmitch, snapped, 0
1617895761, broshock_, snapped, 0
1617896120, seobearz, caught breccie, 1
1617896344, kmzia, snapped, 0
1617896477, reyusx, snapped, 0
1617896532, junnnnislife, snapped, 0
1617896630, projectjan, snapped, 0
1617896659, huckleberrykat, snapped, 0
1617896878, dreiinfinity, snapped, 0
1617897183, styx722, caught fategasm, 1
1617897288, tealancers, snapped, 0
1617897330, junnnnislife, snapped, 0
1617897793, junnnnislife, caught 4ngeius, 1
1617897822, smalldinosaurs, snapped, 0
1617897855, skymachine09, snapped, 0
1617898044, unabletoeven, snapped, 0
1617898554, inoe182, caught sleepndream, 1
1617898626, zyzstem, snapped, 0
1617898729, junnnnislife, snapped, 0
1617899124, sscuzzy, caught pakard46, 1
1617899330, skyyse_, snapped, 0
1617899582, mrgneiss, snapped, 0
1617899887, styx722, caught rotko_, 1
1617900202, projectjan, caught gojder, 1
1617900626, styx722, caught chargrilled, 1
1617900950, projectjan, caught hariszainuddin, 1
1617901260, sonytoo, caught darkumaru729, 1
1617901279, zyzstem, snapped, 0
1617901560, projectjan, snapped, 0
1617901911, ayejuan, caught cygrom, 1
1617902279, cetkaman, caught davczaboi, 1
1617902476, zyzstem, snapped, 0
1617902794, inoe182, caught bostwanadota2, 1
1617903096, projectjan, caught nattyboyz, 1
1617903132, yolovsky, snapped, 0
1617903546, inoe182, caught bananarifle, 1
1617903849, chinasoupnumbawan, caught ii7331, 1
1617904177, kjhgfr, caught acereaper95, 1
1617904478, ayejuan, caught uackercaio, 1
1617904792, inoe182, caught direfireball, 1
1617905097, projectjan, caught athryxtv, 1
1617905127, skyyse_, snapped, 0
1617905542, zyzstem, caught popn, 1
1617905866, mrgneiss, caught izuleon001, 1
1617906281, inoe182, caught teafishy, 1
1617906540, zyzstem, snapped, 0
1617906862, mrgneiss, caught hyperhopper, 1
1617907166, chinasoupnumbawan, caught h42wan, 1
1617907490, cetkaman, caught yukirou, 1
1617907651, skyyse_, snapped, 0
1617907931, junnnnislife, snapped, 0
1617908298, sonytoo, caught little_devin, 1
1617908717, chinasoupnumbawan, caught flarecrack, 1
1617909458, kazunekit, caught havethis2, 1
1617909776, cetkaman, caught keltic55, 1
1617910222, chinasoupnumbawan, caught adalenor, 1
1617910528, mrgneiss, caught regalteppich7, 1
1617910857, inoe182, caught senilesanitygaming, 1
1617911159, cetkaman, caught seekr00, 1
1617911564, inoe182, caught untitl3, 1
1617911882, chinasoupnumbawan, caught dochealth, 1
1617912253, cetkaman, caught casinothanks, 1
1617912729, chinasoupnumbawan, caught stygian_styx, 1
1617913124, inoe182, caught jigaar, 1
1617914320, cetkaman, caught thegeekpirate, 1
1617914799, chinasoupnumbawan, caught minibitmiik, 1
1617915117, cetkaman, caught longinus997, 1
1617915850, yelnax, caught jobandhindsa, 1
1617916162, cetkaman, caught the_albino_rhino, 1
1617916555, chinasoupnumbawan, caught majoel7, 1
1617916866, cetkaman, caught uknzm, 1
1617917168, yelnax, caught elistiis, 1
1617917530, cetkaman, caught zerofuko, 1
1617917843, mrgneiss, caught thegeekpirate, 1
1617918153, cetkaman, caught bibiethumps, 1
1617918334, junnnnislife, snapped, 0
1617918854, yelnax, caught biondi_albert, 1
1617919081, durminon, snapped, 0
1617919842, mrgneiss, caught freesham, 1
1617920255, yelnax, caught choggs_, 1
1617921984, inoe182, caught sbeewsag134rzansteps, 1
1617922386, yelnax, caught joolem, 1
1617922657, junnnnislife, snapped, 0
1617923228, mrgneiss, caught donchishoot, 1
1617923657, zyzstem, caught soljer678, 1
1617924012, yelnax, caught olecaloco, 1
1617924375, inoe182, caught yelnax, 9
1617924679, styx722, caught thorns1, 1
1617925061, junnnnislife, caught silvertsun, 1
1617925380, yelnax, caught gnicschan, 1
1617925686, inoe182, caught monkeydoc, 1
1617925992, styx722, caught altheus92, 1
1617926094, junnnnislife, snapped, 0
1617926404, mrgneiss, caught xozne, 1
1617926643, junnnnislife, snapped, 0
1617926791, zyzstem, snapped, 0
1617927098, styx722, caught community4smallstreamers, 1
1617927387, projectjan, snapped, 0
1617927729, projectjan, caught stns347, 1
1617928045, styx722, caught oandwalkaway, 1
1617928152, yelnax, snapped, 0
1617928267, junnnnislife, snapped, 0
1617928587, inoe182, caught lothar_von_bamberg, 1
1617928893, styx722, caught redtrixer, 1
1617929079, mahdy_salad, snapped, 0
1617929370, projectjan, snapped, 0
1617929686, projectjan, caught inoe182, 41
1617930003, styx722, caught janand89, 1
1617930357, projectjan, caught orange_bean, 1
1617930636, mistermonsieur, snapped, 0
1617930749, junnnnislife, snapped, 0
1617931044, mistermonsieur, snapped, 0
1617931370, mistermonsieur, caught 13lack_roses93, 1
1617931396, junnnnislife, snapped, 0
1617931711, projectjan, caught kurossu00, 1
1617931732, junnnnislife, snapped, 0
1617932043, styx722, caught pashacar, 1
1617932358, mistermonsieur, caught septicaisgood, 1
1617932683, styx722, caught victor_cminus, 1
1617933008, mistermonsieur, caught majoel7, 1
1617933425, communistwizard, caught tyrann_93, 1
1617933487, projectjan, snapped, 0
1617933795, projectjan, caught xnewblaze, 1
1617934149, mistermonsieur, caught uknzm, 1
1617934196, mahdy_salad, snapped, 0
1617934366, junnnnislife, snapped, 0
1617934573, mahdy_salad, snapped, 0
1617934878, projectjan, caught zairoh, 1
1617935155, junnnnislife, snapped, 0
1617935570, kuroneko__27, caught fubuking_tv, 1
1617935638, junnnnislife, snapped, 0
1617935957, projectjan, caught hakkushaku, 1
1617936264, mistermonsieur, caught mocoloco_69, 1
1617936400, junnnnislife, snapped, 0
1617936709, styx722, caught paulom1lgr4u, 1
1617936849, mahdy_salad, snapped, 0
1617936901, junnnnislife, snapped, 0
1617937252, sscuzzy, caught mehbos, 1
1617937664, mistermonsieur, caught zhongguosia, 1
1617938085, sscuzzy, caught tinglingspidersenses, 1
1617938368, projectjan, snapped, 0
1617938682, projectjan, caught ovli_mikhail, 1
1617939002, styx722, caught zernezgul, 1
1617939374, mistermonsieur, caught moocow1995, 1
1617939594, projectjan, snapped, 0
1617939968, sscuzzy, caught skyboxer, 1
1617940308, mistermonsieur, caught iamhampus, 1
1617940556, projectjan, snapped, 0
1617940823, melpomenecarthasis, snapped, 0
1617941130, styx722, caught overhype_, 1
1617941484, mistermonsieur, caught moiishchiu, 1
1617941593, projectjan, snapped, 0
1617941983, kuroneko__27, caught xpcqe326, 1
1617942319, mistermonsieur, caught sentrysappinmahspy, 1
1617942467, projectjan, snapped, 0
1617942773, styx722, caught wtone_, 1
1617943059, projectjan, snapped, 0
1617943096, projectjan, snapped, 0
1617943449, mistermonsieur, caught randomtwitchstats, 1
1617943776, projectjan, caught hongyi90, 1
1617944229, styx722, caught randomtwitchstats, 1
1617944407, melpomenecarthasis, snapped, 0
1617944534, projectjan, snapped, 0
1617944855, projectjan, caught chicbreeze, 1
1617945282, styx722, caught thegeekpirate, 1
1617945660, projectjan, caught binarystar499, 1
1617946111, skwishi, caught kuroneko__27, 4
1617946444, inoe182, caught hyperhopper, 1
1617946783, projectjan, caught xined_, 1
1617946968, mistermonsieur, snapped, 0
1617947033, melpomenecarthasis, snapped, 0
1617947338, styx722, caught oandwalkaway, 1
1617947655, sonytoo, caught communistwizard, 2
1617947696, projectjan, snapped, 0
1617947867, micxiang, snapped, 0
1617948181, micxiang, caught choggs_, 1
1617948519, projectjan, caught derfiffel, 1
1617948653, chinasoupnumbawan, snapped, 0
1617948858, melpomenecarthasis, snapped, 0
1617949210, chinasoupnumbawan, caught juicedjuicer, 1
1617949556, inoe182, caught fategasm, 1
1617949859, cetkaman, caught hawali123, 1
1617950161, chinasoupnumbawan, caught barfoos, 1
1617950467, cetkaman, caught quiddmitch, 1
1617950630, projectjan, snapped, 0
1617950777, mistermonsieur, snapped, 0
1617951097, mistermonsieur, caught sentrysappinmahspy, 1
1617951248, projectjan, snapped, 0
1617951323, projectjan, snapped, 0
1617951571, melpomenecarthasis, snapped, 0
1617951665, projectjan, snapped, 0
1617952134, inoe182, caught ronswagson98, 1
1617952268, kenztien, snapped, 0
1617952327, projectjan, snapped, 0
1617952664, mistermonsieur, caught dreiinfinity, 1
1617953027, styx722, caught kurakato, 1
1617953307, mrgneiss, snapped, 0
1617953609, mistermonsieur, caught mistermonsieur, 3167
1617953923, mrgneiss, caught tho0mgarlic, 1
1617954245, mistermonsieur, caught purplepeneater, 1
1617954553, styx722, caught thorns1, 1
1617954859, junnnnislife, caught wigoor, 1
1617955203, mistermonsieur, caught chinasoupnumbawan, 43
1617955481, junnnnislife, snapped, 0
1617955772, mrgneiss, snapped, 0
1617956077, junnnnislife, caught tyrann_93, 1
1617956392, cetkaman, caught barfoos, 1
1617956698, styx722, caught majoel7, 1
1617956843, junnnnislife, snapped, 0
1617957000, sonytoo, snapped, 0
1617957157, melpomenecarthasis, snapped, 0
1617957216, mistermonsieur, snapped, 0
1617957238, junnnnislife, snapped, 0
1617957511, mistermonsieur, snapped, 0
1617957707, kenztien, snapped, 0
1617957991, mistermonsieur, snapped, 0
1617958296, chinasoupnumbawan, caught unemployed_pudge, 1
1617958318, cetkaman, snapped, 0
1617958508, junnnnislife, snapped, 0
1617958698, mistermonsieur, snapped, 0
1617958755, itisreallyhardtomakeid, snapped, 0
1617958780, kenztien, snapped, 0
1617959048, sscuzzy, snapped, 0
1617959215, peacefulfake, snapped, 0
1617959386, zyzstem, caught newolk69, 1
1617959404, junnnnislife, snapped, 0
1617959709, styx722, caught jake_doggee, 1
1617959837, junnnnislife, snapped, 0
1617960308, inoe182, caught mdeboks, 1
1617960638, styx722, caught jokertard, 1
1617961272, chinasoupnumbawan, caught spaghetiman_, 1
1617961364, guardian_wizard, snapped, 0
1617961764, cetkaman, caught unabletoeven, 1
1617961848, unabletoeven, snapped, 0
1617962154, chinasoupnumbawan, caught sane72, 1
1617962522, styx722, caught evonub, 1
1617962829, chinasoupnumbawan, caught jonbinho9, 1
1617963101, micxiang, snapped, 0
1617963346, dlwlrmaf, snapped, 0
1617963650, styx722, caught smilence03, 1
1617963760, xined_, snapped, 0
1617964168, yaejii, caught rokuoku, 1
1617964534, styx722, caught chaota, 1
1617964897, chinasoupnumbawan, caught giannamalakas, 1
1617964975, penemuee, snapped, 0
1617965233, melpomenecarthasis, snapped, 0
1617965380, rojakpanda, snapped, 0
1617965497, dymarimar, snapped, 0
1617965811, styx722, caught axi0m24, 1
1617965837, electricmuffin, snapped, 0
1617965880, seobearz, snapped, 0
1617966075, melpomenecarthasis, snapped, 0
1617966303, micxiang, snapped, 0
1617966321, szndrlsk, snapped, 0
1617966635, seobearz, caught thesteelxeno, 1
1617966764, rojakpanda, snapped, 0
1617967070, chinasoupnumbawan, caught tickub, 1
1617967258, skyyse_, snapped, 0
1617967287, junnnnislife, snapped, 0
1617967500, seobearz, snapped, 0
1617967668, penemuee, snapped, 0
1617967864, junnnnislife, snapped, 0
1617967937, seobearz, snapped, 0
1617968190, seobearz, snapped, 0
1617968515, styx722, caught filtertv, 1
1617968624, yaejii, snapped, 0
1617968688, el_cocoloco, snapped, 0
1617968762, junnnnislife, snapped, 0
1617968846, seobearz, snapped, 0
1617968864, dlwlrmaf, snapped, 0
1617969084, melpomenecarthasis, snapped, 0
1617969106, seobearz, snapped, 0
1617969243, junnnnislife, snapped, 0
1617969534, junnnnislife, snapped, 0
1617969597, electricmuffin, snapped, 0
1617969766, melpomenecarthasis, snapped, 0
1617969791, el_cocoloco, snapped, 0
1617969808, szndrlsk, snapped, 0
1617970206, guldur87, caught minieleee, 1
1617970276, seobearz, snapped, 0
1617970582, chinasoupnumbawan, caught bivoi, 1
1617970768, seobearz, snapped, 0
1617971159, skymachine09, caught cowboyvo, 1
1617971184, zody1234, snapped, 0
1617971215, satorimaiden, snapped, 0
1617971527, projectjan, caught konnahg, 1
1617971582, junnnnislife, snapped, 0
1617971655, simonegg, snapped, 0
1617971711, seobearz, snapped, 0
1617972007, junnnnislife, snapped, 0
1617972382, styx722, caught lolroflomfg, 1
1617972756, projectjan, caught 844_, 1
1617973166, inoe182, caught loticks, 1
1617973458, seobearz, snapped, 0
1617973601, rojakpanda, snapped, 0
1617973837, junnnnislife, snapped, 0
1617973962, kenztien, snapped, 0
1617974094, el_cocoloco, snapped, 0
1617974130, jambulas, snapped, 0
1617974151, seraphim88, snapped, 0
1617974259, seobearz, snapped, 0
1617974308, electricmuffin, snapped, 0
1617974404, projectjan, snapped, 0
1617974646, yaejii, snapped, 0
1617974812, electricmuffin, snapped, 0
1617975056, mistermonsieur, snapped, 0
1617975196, satorimaiden, snapped, 0
1617975604, guldur87, caught jester117117, 1
1617975814, el_cocoloco, snapped, 0
1617975931, electricmuffin, snapped, 0
1617976064, gbaraldi1, snapped, 0
1617976131, szndrlsk, snapped, 0
1617976404, satorimaiden, snapped, 0
1617976448, reyusx, snapped, 0
1617976532, projectjan, snapped, 0
1617976549, rainstrms, snapped, 0
1617976672, mistermonsieur, snapped, 0
1617976710, smalldinosaurs, snapped, 0
1617976773, junnnnislife, snapped, 0
1617976852, simonegg, snapped, 0
1617976960, gbaraldi1, snapped, 0
1617976981, junnnnislife, snapped, 0
1617977259, haramboi1, snapped, 0
1617977278, rojakpanda, snapped, 0
1617977631, skyyse_, caught badbadbad96, 1
1617977685, mln_, snapped, 0
1617977712, gnoll0, snapped, 0
1617977786, smalldinosaurs, snapped, 0
1617978188, projectjan, caught raclo, 1
1617978361, rojakpanda, snapped, 0
1617978550, mistermonsieur, snapped, 0
1617978898, skyyse_, caught mrsandwich287, 1
1617979185, electricmuffin, snapped, 0
1617979467, projectjan, snapped, 0
1617979773, junnnnislife, caught dehc, 1
1617980315, styx722, caught asklepios_nl, 1
1617980363, szndrlsk, snapped, 0
1617980685, inoe182, caught dr_frankenchise, 1
1617981057, junnnnislife, caught hazzelinko, 1
1617981454, styx722, caught shadowrave89, 1
1617981473, xepionic, snapped, 0
1617981541, cetkaman, snapped, 0
1617981910, junnnnislife, caught krytoslp, 1
1617982118, styx722, snapped, 0
1617982182, indonesianctzn, snapped, 0
1617982596, projectjan, caught ireee1, 1
1617982687, quiddmitch, snapped, 0
1617982807, styx722, snapped, 0
1617982908, junnnnislife, snapped, 0
1617982930, peacefulfake, snapped, 0
1617983034, rojakpanda, snapped, 0
1617983132, electricmuffin, snapped, 0
1617983179, junnnnislife, snapped, 0
1617983204, yaejii, snapped, 0
1617983512, cetkaman, caught zuzip, 1
1617983540, pwning_dutchy, snapped, 0
1617983567, junnnnislife, snapped, 0
1617983785, styx722, snapped, 0
1617983926, junnnnislife, snapped, 0
1617983945, charmide, snapped, 0
1617984190, sscuzzy, snapped, 0
1617984267, projectjan, snapped, 0
1617984289, skyyse_, snapped, 0
1617984372, yaejii, snapped, 0
1617984411, projectjan, snapped, 0
1617984449, projectjan, snapped, 0
1617984510, junnnnislife, snapped, 0
1617984555, projectjan, snapped, 0
1617984868, projectjan, caught janand89, 1
1617985023, blaze77630, snapped, 0
1617985342, cetkaman, caught alsuf, 1
1617985666, projectjan, caught bingcortana, 1
1617985806, nutzzz96, snapped, 0
1617985882, seobearz, snapped, 0
1617986139, guldur87, snapped, 0
1617986585, cetkaman, caught homeless_emperor, 1
1617986606, junnnnislife, snapped, 0
1617986913, chinasoupnumbawan, caught aphox, 1
1617987157, zyzstem, snapped, 0
1617987489, sonytoo, caught happyhour23, 1
1617987581, junnnnislife, snapped, 0
1617987897, cetkaman, caught omniessence, 1
1617988181, mrgneiss, snapped, 0
1617988434, junnnnislife, snapped, 0
1617988703, sonytoo, snapped, 0
1617988733, skyyse_, snapped, 0
1617989053, mrgneiss, caught spaghetiman_, 1
1617989106, junnnnislife, snapped, 0
1617989492, junnnnislife, caught yunalexxagg, 1
1617989788, mrgneiss, snapped, 0
1617989856, cetkaman, snapped, 0
1617989931, clocked_7, snapped, 0
1617990238, sonytoo, caught ee_fanstraight, 1
1617990289, junnnnislife, snapped, 0
1617990615, cetkaman, caught maaaaaaan, 1
1617990950, kjhgfr, caught randomtwitchstats, 1
1617991008, junnnnislife, snapped, 0
1617991353, mrgneiss, caught toonworld420, 1
1617991699, inoe182, caught tokops, 1
1617991758, junnnnislife, snapped, 0
1617992195, charmide, caught simonsw, 1
1617992504, cetkaman, caught tokops, 1
1617992571, junnnnislife, snapped, 0
1617992754, guardian_wizard, snapped, 0
1617993263, kjhgfr, caught miel_ap, 1
1617993344, skyyse_, snapped, 0
1617993423, junnnnislife, snapped, 0
1617993862, chinasoupnumbawan, caught wat_se_fuk, 1
1617993894, junnnnislife, snapped, 0
1617994331, cetkaman, caught supimduck, 1
1617994662, guardian_wizard, caught xined_, 1
1617994749, junnnnislife, snapped, 0
1617995273, chinasoupnumbawan, caught notyourcousin, 1
1617995610, inoe182, caught izzu_ddin, 1
1617996085, sonytoo, caught auloen, 1
1617996493, inoe182, caught somekids, 1
1617996772, junnnnislife, snapped, 0
1617996843, sonytoo, snapped, 0
1617997160, guldur87, caught ragehazdreamz, 1
1617997502, inoe182, caught evilpajamas, 1
1617997863, sonytoo, caught ronswagson98, 1
1617997986, junnnnislife, snapped, 0
1617998410, cetkaman, caught aruna_steel, 1
1617998734, sonytoo, caught xnewblaze, 1
1617999032, junnnnislife, snapped, 0
1617999829, mrgneiss, caught zerominus13, 1
1618000169, guardian_wizard, caught zhongguosia, 1
1618000502, sonytoo, caught linlin9090, 1
1618000532, junnnnislife, snapped, 0
1618000830, junnnnislife, snapped, 0
1618001153, guldur87, caught omegaomnifox, 1
1618001417, junnnnislife, snapped, 0
1618001961, junnnnislife, caught ohanagirl, 1
1618002205, zyzstem, snapped, 0
1618002516, mrgneiss, caught stifflerstreamt, 1
1618002554, junnnnislife, snapped, 0
1618003409, chinasoupnumbawan, caught dukeit0ut, 1
1618003458, junnnnislife, snapped, 0
1618003620, zyzstem, snapped, 0
1618003759, junnnnislife, snapped, 0
1618004162, mrgneiss, caught psyko_255, 1
1618004494, guldur87, caught r4t3l, 1
1618004522, gbaraldi1, snapped, 0
1618004880, mrgneiss, caught bat3s, 1
1618005273, junnnnislife, caught torleif42, 1
1618005597, kjhgfr, caught setthasit_th, 1
1618005635, junnnnislife, snapped, 0
1618005984, junnnnislife, caught emin8k, 1
1618006338, zyzstem, caught bahoidaniel69, 1
1618006719, guardian_wizard, caught greyyhound, 1
1618007059, junnnnislife, caught boland_, 1
1618007394, guardian_wizard, caught thejokerfai, 1
1618008190, kjhgfr, caught one_leighz, 1
1618008727, junnnnislife, caught azure013, 1
1618009112, zyzstem, caught huueh, 1
1618009327, junnnnislife, snapped, 0
1618009636, junnnnislife, caught esportsdecathlon, 1
1618010912, guldur87, caught eazzylp, 1
1618012277, junnnnislife, caught necunoscutu, 1
1618012629, projectjan, caught luckycrits, 1
1618012678, junnnnislife, snapped, 0
1618012930, junnnnislife, snapped, 0
1618013716, melpomenecarthasis, caught dujck, 1
1618013937, junnnnislife, snapped, 0
1618014333, projectjan, caught junigel, 1
1618014423, junnnnislife, snapped, 0
1618014865, junnnnislife, caught lanmipanda, 1
1618015782, melpomenecarthasis, caught youstartledthewitch, 1
1618016102, projectjan, caught themostevilllama, 1
1618016193, junnnnislife, snapped, 0
1618016391, junnnnislife, snapped, 0
1618016637, hatduck_, snapped, 0
1618018184, melpomenecarthasis, caught havethis2, 1
1618018846, junnnnislife, caught mahdy_salad, 2
1618019236, projectjan, caught kyleb0, 1
1618019348, junnnnislife, snapped, 0
1618019627, sscuzzy, snapped, 0
1618019852, junnnnislife, snapped, 0
1618020162, mistermonsieur, caught buppanowa, 1
1618020482, projectjan, caught xylobang, 1
1618021200, mistermonsieur, caught xhermes7, 1
1618021571, projectjan, caught thegeekpirate, 1
1618021760, junnnnislife, snapped, 0
1618022142, mistermonsieur, caught odismo01, 1
1618022245, junnnnislife, snapped, 0
1618022288, deeeeckslayer, snapped, 0
1618022593, styx722, caught kei_l, 1
1618022902, projectjan, caught 13lack_roses93, 1
1618023146, styx722, snapped, 0
1618023433, junnnnislife, snapped, 0
1618023730, junnnnislife, snapped, 0
1618024033, styx722, caught kaksoispistedededede, 1
1618024121, micxiang, snapped, 0
1618024483, junnnnislife, caught gemzar, 1
1618024788, styx722, caught ovli_mikhail, 1
1618025258, junnnnislife, caught hatduck_, 1
1618025438, dreiinfinity, snapped, 0
1618025539, melpomenecarthasis, snapped, 0
1618025893, styx722, caught giannamalakas, 1
1618026000, junnnnislife, snapped, 0
1618026306, melpomenecarthasis, caught whatismydicksize, 1
1618026712, styx722, caught pepeham, 1
1618027076, inoe182, caught emin8k, 1
1618027479, kuroneko__27, caught phksx, 1
1618027535, junnnnislife, snapped, 0
1618027944, inoe182, caught ronswagson98, 1
1618028251, styx722, caught kurossu00, 1
1618028327, junnnnislife, snapped, 0
1618028647, inoe182, caught lukeatmey2, 1
1618028676, junnnnislife, snapped, 0
1618028973, auloen, snapped, 0
1618029115, junnnnislife, snapped, 0
1618029528, styx722, caught c4chan, 1
1618029774, melpomenecarthasis, snapped, 0
1618030148, inoe182, caught ovli_mikhail, 1
1618030455, styx722, caught bingcortana, 1
1618030816, inoe182, caught astero96, 1
1618031127, projectjan, caught jigaar, 1
1618031440, styx722, caught goatfl0w, 1
1618031766, mistermonsieur, caught carbob14xyz, 1
1618031783, junnnnislife, snapped, 0
1618032092, styx722, caught marcusfpj, 1
1618032398, projectjan, caught besthero13, 1
1618032450, mistermonsieur, snapped, 0
1618032760, styx722, caught janand89, 1
1618032910, projectjan, snapped, 0
1618033228, mistermonsieur, caught clarejy, 1
1618033570, projectjan, caught juicedjuicer, 1
1618033780, mad__doge, snapped, 0
1618034111, styx722, caught bonooru7, 1
1618034493, sonytoo, caught shannonkasull, 1
1618034660, junnnnislife, snapped, 0
1618035021, inoe182, caught bigdedi, 1
1618035324, styx722, caught ohanagirl, 1
1618035646, cetkaman, caught lolkqwepqwe, 1
1618035950, styx722, caught oandwalkaway, 1
1618036230, projectjan, snapped, 0
1618036511, mistermonsieur, snapped, 0
1618036559, dgtex11, snapped, 0
1618036635, projectjan, snapped, 0
1618036719, mad__doge, snapped, 0
1618037031, cetkaman, caught nardy3_, 1
1618037172, melpomenecarthasis, snapped, 0
1618037420, inoe182, snapped, 0
1618037726, styx722, caught handsupforayaya, 1
1618038078, projectjan, caught orchidchameleon, 1
1618038406, cetkaman, caught naturalaperture, 1
1618038553, dgtex11, snapped, 0
1618038893, projectjan, caught dreiinfinity, 1
1618039205, cetkaman, caught blitz9291, 1
1618039708, mad__doge, caught teggles, 1
1618040011, chinasoupnumbawan, caught randomtwitchstats, 1
1618040229, projectjan, snapped, 0
1618040417, kenztien, snapped, 0
1618040724, cetkaman, caught yuuzan32, 1
1618040774, projectjan, snapped, 0
1618041144, styx722, caught jointeffortt, 1
1618041421, dgtex11, snapped, 0
1618041572, projectjan, snapped, 0
1618041799, yelnax, snapped, 0
1618041910, projectjan, snapped, 0
1618042229, melpomenecarthasis, caught melpomenecarthasis, 5
1618042403, kenztien, snapped, 0
1618042668, projectjan, snapped, 0
1618042963, cetkaman, snapped, 0
1618043245, mrgneiss, snapped, 0
1618043350, projectjan, snapped, 0
1618043724, kjhgfr, caught gapha2, 1
1618044063, projectjan, caught auloen, 1
1618044215, mad__doge, snapped, 0
1618044308, kenztien, snapped, 0
1618044343, dgtex11, snapped, 0
1618044389, cetkaman, snapped, 0
1618044649, smalldinosaurs, snapped, 0
1618044673, kenztien, snapped, 0
1618044787, szndrlsk, snapped, 0
1618044869, dgtex11, snapped, 0
1618045411, styx722, caught sitech, 1
1618045426, unabletoeven, snapped, 0
1618045444, charmide, snapped, 0
1618046169, seobearz, caught magickmage, 2
1618046183, magickmage, snapped, 0
1618046763, penemuee, caught mp431, 1
1618047109, seobearz, caught pearjuiceyikes, 1
1618047168, projectjan, snapped, 0
1618047256, kon_da_fox, snapped, 0
1618047510, indonesianctzn, snapped, 0
1618047665, chinasoupnumbawan, snapped, 0
1618047790, styx722, snapped, 0
1618048009, projectjan, snapped, 0
1618048093, mad__doge, snapped, 0
1618048117, szndrlsk, snapped, 0
1618048551, indonesianctzn, caught magisterhonya, 1
1618048593, seobearz, snapped, 0
1618048824, mad__doge, snapped, 0
1618048853, wf_kimochi, snapped, 0
1618049657, seobearz, caught cederzdoom, 1
1618049698, skymachine09, snapped, 0
1618050489, projectjan, caught 100centuries, 1
1618050752, chinasoupnumbawan, snapped, 0
1618050779, kmzia, snapped, 0
1618051063, skymachine09, snapped, 0
1618051336, mistermonsieur, snapped, 0
1618051363, magickmage, snapped, 0
1618051661, seobearz, snapped, 0
1618052238, kjhgfr, caught migihi, 1
1618052392, mistermonsieur, snapped, 0
1618052413, spiritt0, snapped, 0
1618052550, el_cocoloco, snapped, 0
1618052780, seobearz, snapped, 0
1618053096, yaejii, caught demonfunky, 1
1618053126, styx722, snapped, 0
1618053580, seobearz, snapped, 0
1618053894, junnnnislife, caught shadowbatx, 1
1618054014, mistermonsieur, snapped, 0
1618054156, styx722, snapped, 0
1618054260, melpomenecarthasis, snapped, 0
1618054510, seobearz, snapped, 0
1618054758, chinasoupnumbawan, snapped, 0
1618055188, mistermonsieur, caught vintagemilk, 1
1618055208, freke48, snapped, 0
1618055251, wf_kimochi, snapped, 0
1618055268, szndrlsk, snapped, 0
1618055527, melpomenecarthasis, snapped, 0
1618055613, junnnnislife, snapped, 0
1618055695, styx722, snapped, 0
1618055749, chinasoupnumbawan, snapped, 0
1618055991, junnnnislife, snapped, 0
1618056628, mad__doge, caught eggytoasts, 1
1618056644, faccina, snapped, 0
1618056672, spiritt0, snapped, 0
1618057001, junnnnislife, caught datland, 1
1618057130, el_cocoloco, snapped, 0
1618057189, seobearz, snapped, 0
1618057607, styx722, caught xnewblaze, 1
1618057665, junnnnislife, snapped, 0
1618057681, seobearz, snapped, 0
1618057738, dymarimar, snapped, 0
1618058138, smalldinosaurs, caught fakehunter123, 1
1618058169, yaejii, snapped, 0
1618058253, junnnnislife, snapped, 0
1618058381, seobearz, snapped, 0
1618058612, seobearz, snapped, 0
1618058982, styx722, caught patsbu, 1
1618059000, wenwuk, snapped, 0
1618059016, junnnnislife, snapped, 0
1618059110, changounchained, snapped, 0
1618059250, seobearz, snapped, 0
1618059327, indonesianctzn, snapped, 0
1618059821, lpirez, caught krazykrangle, 1
1618059867, junnnnislife, snapped, 0
1618060036, seobearz, snapped, 0
1618060353, projectjan, caught mook9, 1
1618060554, styx722, snapped, 0
1618060819, mistermonsieur, snapped, 0
1618060914, styx722, snapped, 0
1618061578, styx722, caught margad123, 1
1618061760, penemuee, snapped, 0
1618061808, kjhgfr, snapped, 0
1618062570, rojakpanda, caught influentists, 1
1618062800, sscuzzy, snapped, 0
1618062897, mistermonsieur, snapped, 0
1618063008, wf_kimochi, snapped, 0
1618063047, styx722, snapped, 0
1618063349, indonesianctzn, caught mrlindberg, 1
1618063470, clocked_7, snapped, 0
1618063613, penemuee, snapped, 0
1618063670, styx722, snapped, 0
1618063820, gnoll0, snapped, 0
1618064286, junnnnislife, caught shadow_doogie, 1
1618064451, seobearz, snapped, 0
1618064715, penemuee, snapped, 0
1618065100, chinasoupnumbawan, caught dukeplatypus, 1
